config_name,architecture,n_params,mean_val_acc,std_val_acc,mean_test_acc,std_test_acc,mean_macro_f1,std_macro_f1,mean_epochs,mean_elapsed_s,std_elapsed_s
1L-32,"[784, 32, 10]",25450,0.9296340973059912,0.0028995185166578565,0.8289146976371645,0.0014638099225067643,0.7822008522618071,0.0014902679148690611,104.4,39.85995551120068,3.5926900842297913
1L-64,"[784, 64, 10]",50890,0.9423401688781665,0.0018443658932335311,0.8395674809771727,0.0015323289122714636,0.7927043441490954,0.001692183238723886,122.6,72.86193245879913,18.092954641356577
1L-128,"[784, 128, 10]",101770,0.9472456775231202,0.0035365715202728644,0.843572286744093,0.0010923653742079293,0.7967498985964495,0.001251163313682737,106.4,91.35852423780015,18.671670395872447
1L-256,"[784, 256, 10]",203530,0.9516686771210294,0.002294385624075153,0.8501401682018421,0.00200080031987132,0.803204327675255,0.0018645419520484415,95.2,155.0842259773999,15.817920653893406
2L-64-32,"[784, 64, 32, 10]",52650,0.9427422597507036,0.0033985599692988294,0.8402883460152182,0.0032966144376862863,0.7937911726879481,0.0035192192700390585,97.0,57.61300547180072,13.467392465452557
2L-128-64,"[784, 128, 64, 10]",109386,0.9496582227583433,0.0026108054814231252,0.8515018021625952,0.0017438158636024824,0.8048397207988929,0.0018586040663775727,134.2,131.42662915399924,13.97408188575634
