strategy,strategy_label,scaler,optimizer,learning_rate,batch_size,batch_label,mean_val_auc_pr,std_val_auc_pr,mean_val_precision,std_val_precision,mean_val_recall,std_val_recall,mean_val_f1,std_val_f1,mean_train_mse,std_train_mse,mean_val_mse,std_val_mse,gap_mse,mean_threshold,std_threshold,mean_stopped_at
S1,S1 Holdout,min-max,adam,0.0001,32,32,0.9480787772634964,0.0,0.9595959595959596,0.0,0.8636363636363636,0.0,0.9090909090909092,0.0,0.0086678868211425,0.0,0.0090877415191645,0.0,0.0004198546980219,0.7889233364081351,0.0,500.0
S2,S2 Repeated Holdout,min-max,adam,0.0001,32,32,0.9557585597785717,0.01549848653499698,0.937499964975693,0.04037330254429246,0.8727272727272727,0.01408357580439061,0.9034772105194641,0.02115095351264032,0.008763108442062082,6.31011901088268e-05,0.00867136682748324,0.00027785247737758075,-9.174161457884608e-05,0.7676582285823025,0.02480840104128794,500.0
S3,S3 5-Fold CV,min-max,adam,0.0001,32,32,0.9533376337294344,0.006726825910194826,0.9586681489655791,0.022024093078977097,0.8512226512226512,0.03478036149295866,0.9008817926073311,0.011548376922847658,0.0089067547355493,0.000302258732666842,0.00894651869702138,0.0003506399082264619,3.9763961472084124e-05,0.7898379756599432,0.020310295949659416,500.0
